-- --------------------------------------------------------
-- Host:                         127.0.0.1
-- Versi칩n del servidor:         5.6.17 - MySQL Community Server (GPL)
-- SO del servidor:              Win64
-- HeidiSQL Versi칩n:             9.1.0.4867
-- --------------------------------------------------------

/*!40101 SET @OLD_CHARACTER_SET_CLIENT=@@CHARACTER_SET_CLIENT */;
/*!40101 SET NAMES utf8mb4 */;
/*!40014 SET @OLD_FOREIGN_KEY_CHECKS=@@FOREIGN_KEY_CHECKS, FOREIGN_KEY_CHECKS=0 */;
/*!40101 SET @OLD_SQL_MODE=@@SQL_MODE, SQL_MODE='NO_AUTO_VALUE_ON_ZERO' */;

-- Volcando estructura para tabla bike_3qr_nuevo.admin_permission
CREATE TABLE IF NOT EXISTS `admin_permission` (
  `id` int(10) unsigned NOT NULL AUTO_INCREMENT,
  `confirmed` tinyint(1) DEFAULT NULL,
  `created_at` timestamp NOT NULL DEFAULT '0000-00-00 00:00:00',
  `updated_at` timestamp NOT NULL DEFAULT '0000-00-00 00:00:00',
  PRIMARY KEY (`id`)
) ENGINE=InnoDB AUTO_INCREMENT=2 DEFAULT CHARSET=utf8 COLLATE=utf8_unicode_ci;

-- Volcando datos para la tabla bike_3qr_nuevo.admin_permission: ~0 rows (aproximadamente)
DELETE FROM `admin_permission`;
/*!40000 ALTER TABLE `admin_permission` DISABLE KEYS */;
INSERT INTO `admin_permission` (`id`, `confirmed`, `created_at`, `updated_at`) VALUES
	(1, 0, '0000-00-00 00:00:00', '0000-00-00 00:00:00');
/*!40000 ALTER TABLE `admin_permission` ENABLE KEYS */;


-- Volcando estructura para tabla bike_3qr_nuevo.assigned_roles
CREATE TABLE IF NOT EXISTS `assigned_roles` (
  `id` int(10) unsigned NOT NULL AUTO_INCREMENT,
  `user_id` int(10) unsigned NOT NULL,
  `role_id` int(10) unsigned NOT NULL,
  `role_auxilar` varchar(30) COLLATE utf8_unicode_ci DEFAULT NULL,
  PRIMARY KEY (`id`),
  KEY `assigned_roles_user_id_foreign` (`user_id`),
  KEY `assigned_roles_role_id_foreign` (`role_id`),
  CONSTRAINT `assigned_roles_role_id_foreign` FOREIGN KEY (`role_id`) REFERENCES `roles` (`id`),
  CONSTRAINT `assigned_roles_user_id_foreign` FOREIGN KEY (`user_id`) REFERENCES `users` (`id`) ON DELETE CASCADE ON UPDATE CASCADE
) ENGINE=InnoDB AUTO_INCREMENT=83 DEFAULT CHARSET=utf8 COLLATE=utf8_unicode_ci;

-- Volcando datos para la tabla bike_3qr_nuevo.assigned_roles: ~4 rows (aproximadamente)
DELETE FROM `assigned_roles`;
/*!40000 ALTER TABLE `assigned_roles` DISABLE KEYS */;
INSERT INTO `assigned_roles` (`id`, `user_id`, `role_id`, `role_auxilar`) VALUES
	(56, 53, 1, 'admin'),
	(71, 83, 4, 'user'),
	(72, 84, 4, 'user'),
	(81, 123, 1, 'admin');
/*!40000 ALTER TABLE `assigned_roles` ENABLE KEYS */;


-- Volcando estructura para procedimiento bike_3qr_nuevo.delete_user
DELIMITER //
CREATE DEFINER=`root`@`localhost` PROCEDURE `delete_user`(
  IN id_user int
)
BEGIN
	DELETE FROM users WHERE id = id_user;
	DELETE FROM assigned_roles WHERE user_id = id_user;
END//
DELIMITER ;


-- Volcando estructura para tabla bike_3qr_nuevo.files
CREATE TABLE IF NOT EXISTS `files` (
  `id` int(10) unsigned NOT NULL AUTO_INCREMENT,
  `nombre` varchar(250) COLLATE utf8_unicode_ci NOT NULL,
  `ruta` varchar(255) COLLATE utf8_unicode_ci NOT NULL,
  `tipo` varchar(255) COLLATE utf8_unicode_ci NOT NULL,
  `tama침o` varchar(100) COLLATE utf8_unicode_ci NOT NULL,
  `user_id` int(10) unsigned NOT NULL,
  `profile` tinyint(1) NOT NULL DEFAULT '0',
  `created_at` timestamp NOT NULL DEFAULT '0000-00-00 00:00:00',
  `updated_at` timestamp NOT NULL DEFAULT '0000-00-00 00:00:00',
  PRIMARY KEY (`id`),
  KEY `files_user_id_foreign` (`user_id`),
  CONSTRAINT `files_user_id_foreign` FOREIGN KEY (`user_id`) REFERENCES `users` (`id`) ON DELETE CASCADE
) ENGINE=InnoDB DEFAULT CHARSET=utf8 COLLATE=utf8_unicode_ci;

-- Volcando datos para la tabla bike_3qr_nuevo.files: ~0 rows (aproximadamente)
DELETE FROM `files`;
/*!40000 ALTER TABLE `files` DISABLE KEYS */;
/*!40000 ALTER TABLE `files` ENABLE KEYS */;


-- Volcando estructura para procedimiento bike_3qr_nuevo.insert_aux_role_in_assigned_roles_table
DELIMITER //
CREATE DEFINER=`root`@`localhost` PROCEDURE `insert_aux_role_in_assigned_roles_table`(IN `id_user` INT, IN `slug` VARCHAR(50))
BEGIN
	UPDATE assigned_roles 
	SET role_auxilar = slug
	WHERE user_id = id_user;
END//
DELIMITER ;


-- Volcando estructura para funci칩n bike_3qr_nuevo.max_7_files_asociated_in_files_table
DELIMITER //
CREATE DEFINER=`root`@`localhost` FUNCTION `max_7_files_asociated_in_files_table`(`user_id` INT) RETURNS tinyint(4)
BEGIN
	DECLARE cantidad_reistros_usuario_files INT DEFAULT 0;
	DECLARE total_count INT DEFAULT 0;
	DECLARE response TINYINT DEFAULT 0;
	
	SET cantidad_reistros_usuario_files = 10;
	
	SELECT COUNT(id) INTO cantidad_reistros_usuario_files FROM files;
	
	SELECT COUNT(files.id) FROM files JOIN users ON users.id = files.user_id WHERE users.id = user_id INTO total_count;
	
	IF total_count >= 7 THEN
		SET response = 1;
	ELSE
		SET response = 0;
   END IF;
   
	RETURN response;
END//
DELIMITER ;


-- Volcando estructura para tabla bike_3qr_nuevo.migrations
CREATE TABLE IF NOT EXISTS `migrations` (
  `migration` varchar(255) COLLATE utf8_unicode_ci NOT NULL,
  `batch` int(11) NOT NULL
) ENGINE=InnoDB DEFAULT CHARSET=utf8 COLLATE=utf8_unicode_ci;

-- Volcando datos para la tabla bike_3qr_nuevo.migrations: ~20 rows (aproximadamente)
DELETE FROM `migrations`;
/*!40000 ALTER TABLE `migrations` DISABLE KEYS */;
INSERT INTO `migrations` (`migration`, `batch`) VALUES
	('2015_03_05_013332_confide_setup_users_table', 1),
	('2015_03_06_093213_add_new_fields_to_users_table', 2),
	('2015_03_06_132133_changing_file_names_in_users_table_and_rename_them', 3),
	('2015_03_06_133403_refactoring_serial_marco_field_in_users_table', 4),
	('2015_03_06_133723_adding_serial_marco_field_in_users_table', 5),
	('2015_03_06_235831_create_tipo_de_sangre_table', 6),
	('2015_03_07_063052_drop_grupo_sanguineo_field', 7),
	('2015_03_07_063616_add_grupo_sanguineo_field_foreingKey', 8),
	('2015_03_07_071916_add_grupo_sanguineo_id_foreingkey', 9),
	('2015_03_07_082931_entrust_setup_tables', 10),
	('2015_03_07_135120_nulling_extra_fiels_in_users_table', 11),
	('2015_03_08_061022_set_null_extra_fields_in_users_table', 12),
	('2015_03_08_061347_create_tipo_de_sangre_foreingkey_again', 13),
	('2015_03_08_061856_create_tipo_de_sangre_foreingkey_again_2', 14),
	('2015_03_13_140659_add_active_field_in_users_table', 15),
	('2015_03_14_042049_add_name_field_in_users_table', 16),
	('2015_03_19_204551_add_qrcode_field', 17),
	('2015_03_21_040609_add_qrcode_full_field_to_users_table', 18),
	('2015_03_23_001019_remove_qrcode_full_field_from_users_table', 19),
	('2015_03_25_135704_create_file_table', 20),
	('2015_03_30_094459_create_lat_and_lng_fields_in_users_table', 21),
	('2015_04_01_120104_create_role_aux_nullable_field_in_users_table', 22),
	('2015_04_01_145006_add_role_auxilar_in_assigned_roles', 23),
	('2015_04_01_181724_create_admin_permission_table', 24),
	('2015_04_09_150830_add_profile_boolean_field_in_files_tables', 25);
/*!40000 ALTER TABLE `migrations` ENABLE KEYS */;


-- Volcando estructura para tabla bike_3qr_nuevo.password_reminders
CREATE TABLE IF NOT EXISTS `password_reminders` (
  `email` varchar(255) COLLATE utf8_unicode_ci NOT NULL,
  `token` varchar(255) COLLATE utf8_unicode_ci NOT NULL,
  `created_at` timestamp NOT NULL DEFAULT '0000-00-00 00:00:00'
) ENGINE=InnoDB DEFAULT CHARSET=utf8 COLLATE=utf8_unicode_ci;

-- Volcando datos para la tabla bike_3qr_nuevo.password_reminders: ~8 rows (aproximadamente)
DELETE FROM `password_reminders`;
/*!40000 ALTER TABLE `password_reminders` DISABLE KEYS */;
INSERT INTO `password_reminders` (`email`, `token`, `created_at`) VALUES
	('efraxpc@gmail.com', '7cda6b29c88b4cd99aac78f12d96dbc2', '2015-03-06 08:01:11'),
	('efraxpc@gmail.com', '65c7781bcf522b83c4543f2c063eaa14', '2015-03-06 08:01:28'),
	('efraxpc@gmail.com', '9a234941335bb0f9399451a9eb1d2133', '2015-03-26 15:11:16'),
	('efraxpc@gmail.com', '5692257efa141134c316f84a0341fcd0', '2015-03-26 15:14:41'),
	('cameliaguerrero@hotmail.com', 'e24d14de7531799d49ef77b22f96da5e', '2015-04-10 15:22:51'),
	('efraxpc@gmail.com', '86c64bb7eebe00000e7d890b357d8f31', '2015-04-10 15:24:37'),
	('efraxpc@gmail.com', 'cdbd82260b840fcb617b606e6eb01cff', '2015-04-10 15:36:26'),
	('programador.jtguerrero@hotmail.com', 'cc9bd134761d3453dc119741f17e6520', '2015-04-13 19:38:59');
/*!40000 ALTER TABLE `password_reminders` ENABLE KEYS */;


-- Volcando estructura para tabla bike_3qr_nuevo.permissions
CREATE TABLE IF NOT EXISTS `permissions` (
  `id` int(10) unsigned NOT NULL AUTO_INCREMENT,
  `name` varchar(255) COLLATE utf8_unicode_ci NOT NULL,
  `display_name` varchar(255) COLLATE utf8_unicode_ci NOT NULL,
  `created_at` timestamp NOT NULL DEFAULT '0000-00-00 00:00:00',
  `updated_at` timestamp NOT NULL DEFAULT '0000-00-00 00:00:00',
  PRIMARY KEY (`id`),
  UNIQUE KEY `permissions_name_unique` (`name`)
) ENGINE=InnoDB AUTO_INCREMENT=3 DEFAULT CHARSET=utf8 COLLATE=utf8_unicode_ci;

-- Volcando datos para la tabla bike_3qr_nuevo.permissions: ~2 rows (aproximadamente)
DELETE FROM `permissions`;
/*!40000 ALTER TABLE `permissions` DISABLE KEYS */;
INSERT INTO `permissions` (`id`, `name`, `display_name`, `created_at`, `updated_at`) VALUES
	(1, 'manage_profile', 'Manage Profile', '2015-03-07 09:06:22', '2015-03-07 09:06:22'),
	(2, 'manage_users', 'Manage Users', '2015-03-07 09:06:22', '2015-03-07 09:06:22');
/*!40000 ALTER TABLE `permissions` ENABLE KEYS */;


-- Volcando estructura para tabla bike_3qr_nuevo.permission_role
CREATE TABLE IF NOT EXISTS `permission_role` (
  `id` int(10) unsigned NOT NULL AUTO_INCREMENT,
  `permission_id` int(10) unsigned NOT NULL,
  `role_id` int(10) unsigned NOT NULL,
  PRIMARY KEY (`id`),
  KEY `permission_role_permission_id_foreign` (`permission_id`),
  KEY `permission_role_role_id_foreign` (`role_id`),
  CONSTRAINT `permission_role_permission_id_foreign` FOREIGN KEY (`permission_id`) REFERENCES `permissions` (`id`),
  CONSTRAINT `permission_role_role_id_foreign` FOREIGN KEY (`role_id`) REFERENCES `roles` (`id`)
) ENGINE=InnoDB AUTO_INCREMENT=3 DEFAULT CHARSET=utf8 COLLATE=utf8_unicode_ci;

-- Volcando datos para la tabla bike_3qr_nuevo.permission_role: ~2 rows (aproximadamente)
DELETE FROM `permission_role`;
/*!40000 ALTER TABLE `permission_role` DISABLE KEYS */;
INSERT INTO `permission_role` (`id`, `permission_id`, `role_id`) VALUES
	(1, 2, 1),
	(2, 1, 2);
/*!40000 ALTER TABLE `permission_role` ENABLE KEYS */;


-- Volcando estructura para procedimiento bike_3qr_nuevo.profile_image_asociated_in_files_table
DELIMITER //
CREATE DEFINER=`root`@`localhost` PROCEDURE `profile_image_asociated_in_files_table`(IN `user_id_entrada` INT)
BEGIN
	DECLARE id_ int(5); 
	DECLARE nombre_ VARCHAR(50); 
	DECLARE tipo_ VARCHAR(50); 
	DECLARE total_count INT(5);
	DECLARE response_ INT(5);

   SELECT id      INTO id_     FROM files WHERE profile = 1 AND user_id = user_id_entrada;
   SELECT nombre  INTO nombre_ FROM files WHERE profile = 1 AND user_id = user_id_entrada;
   SELECT tipo    INTO tipo_   FROM files WHERE profile = 1 AND user_id = user_id_entrada;
	
	DROP TABLE IF EXISTS `array_datos`;
	
	CREATE TEMPORARY TABLE IF NOT EXISTS array_datos (
	id     INT (5) ,
	nombre VARCHAR(30) ,
	tipo   VARCHAR(30) ,
	max_file INT(5)     );
	
	SELECT COUNT(files.id) FROM files JOIN users ON users.id = files.user_id WHERE users.id = user_id_entrada AND files.profile = 1 INTO total_count;
	
	IF total_count >= 1 THEN
		SET response_ = 1;
	ELSE
		SET response_ = 0;
   END IF;
	
	INSERT INTO array_datos (id,nombre,tipo,max_file) VALUES (id_,nombre_,tipo_,response_);
	SELECT * FROM array_datos;

END//
DELIMITER ;


-- Volcando estructura para tabla bike_3qr_nuevo.roles
CREATE TABLE IF NOT EXISTS `roles` (
  `id` int(10) unsigned NOT NULL AUTO_INCREMENT,
  `name` varchar(255) COLLATE utf8_unicode_ci NOT NULL,
  `created_at` timestamp NOT NULL DEFAULT '0000-00-00 00:00:00',
  `updated_at` timestamp NOT NULL DEFAULT '0000-00-00 00:00:00',
  PRIMARY KEY (`id`),
  UNIQUE KEY `roles_name_unique` (`name`)
) ENGINE=InnoDB AUTO_INCREMENT=5 DEFAULT CHARSET=utf8 COLLATE=utf8_unicode_ci;

-- Volcando datos para la tabla bike_3qr_nuevo.roles: ~2 rows (aproximadamente)
DELETE FROM `roles`;
/*!40000 ALTER TABLE `roles` DISABLE KEYS */;
INSERT INTO `roles` (`id`, `name`, `created_at`, `updated_at`) VALUES
	(1, 'admin', '2015-03-07 09:06:22', '2015-03-07 09:06:22'),
	(2, 'users', '2015-03-07 09:06:22', '2015-03-07 09:06:22'),
	(4, 'redemption', '2015-03-31 15:33:23', '2015-03-31 15:33:23');
/*!40000 ALTER TABLE `roles` ENABLE KEYS */;


-- Volcando estructura para procedimiento bike_3qr_nuevo.select_admin_status_from_users
DELIMITER //
CREATE DEFINER=`root`@`localhost` PROCEDURE `select_admin_status_from_users`()
BEGIN
  SELECT * FROM assigned_roles ORDER BY user_id DESC;
END//
DELIMITER ;


-- Volcando estructura para procedimiento bike_3qr_nuevo.select_assigned_roles
DELIMITER //
CREATE DEFINER=`root`@`localhost` PROCEDURE `select_assigned_roles`()
BEGIN
	SELECT * FROM assigned_roles ORDER BY id DESC;
END//
DELIMITER ;


-- Volcando estructura para procedimiento bike_3qr_nuevo.select_habilitar_registro_admin_option
DELIMITER //
CREATE DEFINER=`root`@`localhost` PROCEDURE `select_habilitar_registro_admin_option`()
BEGIN
	SELECT confirmed FROM admin_permission;
END//
DELIMITER ;


-- Volcando estructura para procedimiento bike_3qr_nuevo.select_imagenes_de_usuario
DELIMITER //
CREATE DEFINER=`root`@`localhost` PROCEDURE `select_imagenes_de_usuario`(IN `id_user` int)
BEGIN
	#Routine body goes here...
SELECT * FROM files WHERE user_id = id_user;
END//
DELIMITER ;


-- Volcando estructura para procedimiento bike_3qr_nuevo.select_role_of_user
DELIMITER //
CREATE DEFINER=`root`@`localhost` PROCEDURE `select_role_of_user`(IN `id_user` INT)
BEGIN
	SELECT role_auxilar as rol_usuario FROM users WHERE id = id_user ORDER BY id DESC;
END//
DELIMITER ;


-- Volcando estructura para procedimiento bike_3qr_nuevo.select_string_mail_admin_root
DELIMITER //
CREATE DEFINER=`root`@`localhost` PROCEDURE `select_string_mail_admin_root`()
BEGIN
  SELECT
    email
  FROM users
  WHERE email = 'admin@admin.com';
END//
DELIMITER ;


-- Volcando estructura para procedimiento bike_3qr_nuevo.select_users
DELIMITER //
CREATE DEFINER=`root`@`localhost` PROCEDURE `select_users`()
BEGIN
	SELECT * FROM users ORDER BY id DESC;
END//
DELIMITER ;


-- Volcando estructura para procedimiento bike_3qr_nuevo.set_user_as_admin_or_not
DELIMITER //
CREATE DEFINER=`root`@`localhost` PROCEDURE `set_user_as_admin_or_not`(IN `id_user_entrante` INT, IN `boolean_parameter` INT)
BEGIN
  IF boolean_parameter = 1 THEN
  	UPDATE users
  	SET role_auxilar = 'admin'
  	WHERE id = id_user_entrante ;

  	UPDATE assigned_roles
  	SET role_auxilar = 'admin',role_id = 1
  	WHERE user_id = id_user_entrante ;

  ELSEIF boolean_parameter = 0 THEN
  	UPDATE users
  	SET role_auxilar = 'users'
  	WHERE id = id_user_entrante ;

    UPDATE assigned_roles
  	SET role_auxilar = 'user',role_id = 4
  	WHERE user_id = id_user_entrante ;
  END IF;
END//
DELIMITER ;


-- Volcando estructura para tabla bike_3qr_nuevo.tipo_de_sangre
CREATE TABLE IF NOT EXISTS `tipo_de_sangre` (
  `id` int(10) unsigned NOT NULL AUTO_INCREMENT,
  `nombre` varchar(40) COLLATE utf8_unicode_ci NOT NULL,
  PRIMARY KEY (`id`)
) ENGINE=InnoDB AUTO_INCREMENT=9 DEFAULT CHARSET=utf8 COLLATE=utf8_unicode_ci;

-- Volcando datos para la tabla bike_3qr_nuevo.tipo_de_sangre: ~8 rows (aproximadamente)
DELETE FROM `tipo_de_sangre`;
/*!40000 ALTER TABLE `tipo_de_sangre` DISABLE KEYS */;
INSERT INTO `tipo_de_sangre` (`id`, `nombre`) VALUES
	(1, 'A+'),
	(2, 'A-'),
	(3, 'B+'),
	(4, 'B-'),
	(5, 'O+'),
	(6, 'O-'),
	(7, 'AB+'),
	(8, 'AB-');
/*!40000 ALTER TABLE `tipo_de_sangre` ENABLE KEYS */;


-- Volcando estructura para procedimiento bike_3qr_nuevo.update_permissions_create_admin_
DELIMITER //
CREATE DEFINER=`root`@`localhost` PROCEDURE `update_permissions_create_admin_`(IN `switch_active_value` INT)
BEGIN
	IF (switch_active_value = 1) THEN
		UPDATE admin_permission SET confirmed = 1 WHERE id = 1;
	ELSE
		UPDATE admin_permission SET confirmed = 0 WHERE id = 1;
	END IF;
END//
DELIMITER ;


-- Volcando estructura para procedimiento bike_3qr_nuevo.update_role_user
DELIMITER //
CREATE DEFINER=`root`@`localhost` PROCEDURE `update_role_user`(IN `id_user` INT, IN `switch_active_value` INT)
BEGIN
    IF (switch_active_value = 0) THEN
        UPDATE assigned_roles SET role_id = 4 WHERE user_id = id_user;
    ELSEIF (switch_active_value = 1) THEN
        UPDATE assigned_roles SET role_id = 2 WHERE user_id = id_user;
    END IF;
END//
DELIMITER ;


-- Volcando estructura para tabla bike_3qr_nuevo.users
CREATE TABLE IF NOT EXISTS `users` (
  `id` int(10) unsigned NOT NULL AUTO_INCREMENT,
  `email` varchar(255) COLLATE utf8_unicode_ci NOT NULL,
  `password` varchar(255) COLLATE utf8_unicode_ci NOT NULL,
  `confirmation_code` varchar(255) COLLATE utf8_unicode_ci NOT NULL,
  `remember_token` varchar(255) COLLATE utf8_unicode_ci DEFAULT NULL,
  `confirmed` tinyint(1) NOT NULL DEFAULT '0',
  `created_at` timestamp NOT NULL DEFAULT '0000-00-00 00:00:00',
  `updated_at` timestamp NOT NULL DEFAULT '0000-00-00 00:00:00',
  `emergencia` varchar(50) COLLATE utf8_unicode_ci DEFAULT NULL,
  `persona_emergencia` varchar(50) COLLATE utf8_unicode_ci DEFAULT NULL,
  `eps` varchar(30) COLLATE utf8_unicode_ci DEFAULT NULL,
  `observaciones_generales` varchar(30) COLLATE utf8_unicode_ci DEFAULT NULL,
  `facebook` varchar(30) COLLATE utf8_unicode_ci DEFAULT NULL,
  `twitter` varchar(30) COLLATE utf8_unicode_ci DEFAULT NULL,
  `fecha_nacimiento` varchar(30) COLLATE utf8_unicode_ci DEFAULT NULL,
  `serial_marco` varchar(30) COLLATE utf8_unicode_ci DEFAULT NULL,
  `grupo_sanguineo_id` int(10) unsigned DEFAULT NULL,
  `active` tinyint(1) DEFAULT NULL,
  `nombre_completo` varchar(100) COLLATE utf8_unicode_ci DEFAULT NULL,
  `qrcode` varchar(100) COLLATE utf8_unicode_ci DEFAULT NULL,
  `lat` varchar(100) COLLATE utf8_unicode_ci DEFAULT NULL,
  `lng` varchar(100) COLLATE utf8_unicode_ci DEFAULT NULL,
  `role_auxilar` varchar(30) COLLATE utf8_unicode_ci DEFAULT NULL,
  PRIMARY KEY (`id`),
  UNIQUE KEY `users_email_unique` (`email`),
  KEY `users_grupo_sanguineo_id_foreign` (`grupo_sanguineo_id`),
  CONSTRAINT `users_grupo_sanguineo_id_foreign` FOREIGN KEY (`grupo_sanguineo_id`) REFERENCES `tipo_de_sangre` (`id`)
) ENGINE=InnoDB AUTO_INCREMENT=134 DEFAULT CHARSET=utf8 COLLATE=utf8_unicode_ci;

-- Volcando datos para la tabla bike_3qr_nuevo.users: ~5 rows (aproximadamente)
DELETE FROM `users`;
/*!40000 ALTER TABLE `users` DISABLE KEYS */;
INSERT INTO `users` (`id`, `email`, `password`, `confirmation_code`, `remember_token`, `confirmed`, `created_at`, `updated_at`, `emergencia`, `persona_emergencia`, `eps`, `observaciones_generales`, `facebook`, `twitter`, `fecha_nacimiento`, `serial_marco`, `grupo_sanguineo_id`, `active`, `nombre_completo`, `qrcode`, `lat`, `lng`, `role_auxilar`) VALUES
	(53, 'efraxpc@gmail.com', '$2y$10$hLM89QazAUkqRAn7dNzvT.nC5iIq13tvKuVjTd8dl07LMQBplseNW', '7a3800619a9042cf57e0092bc9cba43f', '5FXS9iIhWwtxJ1N5viIGviOyfF4GqCGnKghIksuTSrgjZUskrHzryexWcBK7', 1, '2015-04-01 17:58:49', '2015-04-16 22:34:18', NULL, NULL, NULL, NULL, NULL, NULL, NULL, NULL, NULL, 1, NULL, '551c31d9901b7', NULL, NULL, 'admin'),
	(83, 'pedrorejon@hotmail.com', '$2y$10$b6g59FaftquwGz.WtPqmvubmu9poCosDn8fo94Ghh406Qc3zp7lSK', '939ad7e16f31540c73893962ee70bc48', 'wtuvHUaQH8jkrQrHBElVdOv5dJJlj7OTbhcly2uXO2Z52Ro5xLlfkHRUllNH', 1, '2015-04-12 22:18:57', '2015-04-15 04:12:36', '', '', 'ed', 'ed', 'ede', 'ed', '1970-04-11 04:12:36', 'ed', 2, 1, 'Nelson Ned', '552aef51c2fdf', '2.484', '-76.677', 'users'),
	(84, 'moflejon@gmail.com', '$2y$10$IWMeYDLwQk4lbn7sBC.p8u6wuyouMYuiVtqufcMMM4kT0yebk1Jb.', '2fd4f8bf8d4aea30fac411c5294bb6ac', 'VMZ7j40CX3g7BeNd0D3St75LrCnDcJq3oytlixDenyDQ2wYWyG8aZnLNOcb8', 1, '2015-04-12 22:20:50', '2015-04-15 04:12:30', '', '', 'Eps', 'Observaciones Generales ', 'Facebook', 'Twitter', '2015-08-04 04:12:30', 'Serial de Marco', 2, 1, 'Moflejillox4', '552aefc2cc620', '1.979', '-70.964', 'users'),
	(123, 'cvdf@gmali.com', '$2y$10$24z8quDUamBfru9PQB8Xoem7ufUZIsFYobdJtBdb09zn6unImG7Re', 'f33703bef842f648380227ca3b224c45', NULL, 0, '2015-04-15 04:02:34', '2015-04-15 04:02:34', NULL, NULL, NULL, NULL, NULL, NULL, NULL, NULL, NULL, 1, NULL, '552de2da3c365', NULL, NULL, 'admin'),
	(133, 'admin@admin.com', '$2y$10$xYWACDtz38Yr2tKYkcm.vOCeI1umuT3R6ll4/rAofIdqWnJuKK01a', '80114521419b1b63400a2c03ad6bcf39', NULL, 1, '2015-04-16 20:36:10', '2015-04-16 20:36:10', '+573192510721', 'joaquin Aranzazu', 'COOEMEVA', 'Lider de proyecto', 'N/A', 'N/A', '1970/01/01 00:00:00', '111111111', 1, 1, 'Administrador Root', '55301d399ccc5', '4.589', '-73.930', 'admin');
/*!40000 ALTER TABLE `users` ENABLE KEYS */;
/*!40101 SET SQL_MODE=IFNULL(@OLD_SQL_MODE, '') */;
/*!40014 SET FOREIGN_KEY_CHECKS=IF(@OLD_FOREIGN_KEY_CHECKS IS NULL, 1, @OLD_FOREIGN_KEY_CHECKS) */;
/*!40101 SET CHARACTER_SET_CLIENT=@OLD_CHARACTER_SET_CLIENT */;
